date,tavg,tmin,tmax,prcp,wdir,wspd
1/1/2023 0:00:00,1.9,1,2.7,0.4,230,7.4
1/2/2023 0:00:00,2.1,-2,6.6,0,275,6
1/3/2023 0:00:00,1.8,-1.1,3.4,3.2,66,9.3
1/4/2023 0:00:00,2.7,2.2,3.3,20.7,84,12.9
1/5/2023 0:00:00,2.4,-0.4,3.8,0.4,208,8.5
1/6/2023 0:00:00,1.5,-1.6,4.6,0.3,255,8.1
1/7/2023 0:00:00,-1.7,-5.3,1,0,319,11.1
1/8/2023 0:00:00,-4.4,-7.5,-0.6,0,233,6.1
1/9/2023 0:00:00,-1.2,-5.9,3.8,0,255,11.8
1/10/2023 0:00:00,-1.7,-4.5,0.8,0,29,9.7
1/11/2023 0:00:00,-3.4,-6.3,-0.2,0,87,21.7
1/12/2023 0:00:00,1.2,-0.6,2.7,5.8,55,14.2
1/13/2023 0:00:00,-3.8,-10,0.3,3.2,343,25.7
1/14/2023 0:00:00,-10.8,-15.1,-6.2,0,339,16.1
1/15/2023 0:00:00,-8.7,-15.3,-2.9,0,56,9
1/16/2023 0:00:00,-4.6,-8.1,0.4,0,86,10.4
1/17/2023 0:00:00,1.1,-2.6,3.3,1.9,115,12.5
1/18/2023 0:00:00,2,0,4.4,0.6,296,14.6
1/19/2023 0:00:00,-0.1,-1.4,1.6,6.6,79,24
1/20/2023 0:00:00,0.3,-1.9,1.7,0.3,318,14.3
1/21/2023 0:00:00,-0.9,-2.4,0.5,0,257,9.4
1/22/2023 0:00:00,-1,-2.5,0.8,3,141,9.1
1/23/2023 0:00:00,-1.1,-3.1,1.9,0,310,15
1/24/2023 0:00:00,-0.6,-4.8,2.3,0,263,18.4
1/25/2023 0:00:00,-1,-3.8,0.3,18.7,109,22.4
1/26/2023 0:00:00,-2.8,-7.2,1.6,3.4,314,18.6
1/27/2023 0:00:00,-3.6,-7.2,-0.9,0.9,210,18.3
1/28/2023 0:00:00,-1.7,-5.2,0.8,0.6,255,17.4
1/29/2023 0:00:00,-3.4,-9.2,-0.7,4.7,2,13.8
1/30/2023 0:00:00,-8.7,-15,-2.5,0,297,11.1
1/31/2023 0:00:00,-11.1,-16,-6.6,0,268,10
2/1/2023 0:00:00,-12.1,-19.9,-5.2,0,246,17.2
2/2/2023 0:00:00,-6.4,-10.9,0.3,0.5,245,23.1
2/3/2023 0:00:00,-18.4,-24.3,-12,0.1,328,22
2/4/2023 0:00:00,-14.1,-27.4,-3.6,0.3,190,16.5
2/5/2023 0:00:00,0.5,-3.7,4.3,0,228,17
2/6/2023 0:00:00,-3.2,-8.8,0.9,0,343,12.8
2/7/2023 0:00:00,1.3,-4.3,8.4,0.5,199,20.6
2/8/2023 0:00:00,1.1,-3,6.2,0,258,13.5
2/9/2023 0:00:00,1.7,-3.6,7.9,19.6,98,16.5
2/10/2023 0:00:00,1.9,-2.3,5.2,0.1,270,24.9
2/11/2023 0:00:00,-1.8,-6.4,2.9,0,250,17.7
2/12/2023 0:00:00,0.2,-3.4,6.6,0,177,9.9
2/13/2023 0:00:00,1.5,-3.7,9.3,0,254,15.6
2/14/2023 0:00:00,1.8,-3.1,7.9,0,210,12.7
2/15/2023 0:00:00,8.3,2.6,13.8,2.1,209,26.3
2/16/2023 0:00:00,1.4,-3,4.4,2.2,348,12.4
2/17/2023 0:00:00,-5.3,-10,0.2,5.1,333,22.2
2/18/2023 0:00:00,-2.8,-10.1,5.2,0,237,18.5
2/19/2023 0:00:00,2.5,-2.9,8.1,0.2,204,18.7
2/20/2023 0:00:00,1.3,-4.4,4.8,0,308,13.7
2/21/2023 0:00:00,-0.6,-6.2,6,3.5,233,19.6
2/22/2023 0:00:00,-4.7,-7.2,-3.2,13.3,49,20.7
2/23/2023 0:00:00,-5.9,-7.6,0.8,7.8,61,17.3
2/24/2023 0:00:00,-10.3,-21.1,0.1,0,325,16.5
2/25/2023 0:00:00,-11.1,-21.1,-3.7,1.2,95,8.5
2/26/2023 0:00:00,-4.7,-10.3,1.3,0,268,17.3
2/27/2023 0:00:00,-6.7,-12.9,-1.4,7.4,69,24.7
2/28/2023 0:00:00,-0.5,-8.9,3.1,1.9,290,20.2
3/1/2023 0:00:00,-2.3,-6.6,1.9,0.1,63,15.3
3/2/2023 0:00:00,-2,-6.8,3.7,0,335,13.9
3/3/2023 0:00:00,-3,-9,0.4,17.5,71,24
3/4/2023 0:00:00,0.6,-2,4.9,13.7,356,20.6
3/5/2023 0:00:00,1.1,-3.2,6.1,0.9,288,12.3
3/6/2023 0:00:00,-1.3,-3.8,1.8,0,46,11
3/7/2023 0:00:00,-3,-6.1,-0.7,0,341,26.8
3/8/2023 0:00:00,-2.8,-6.4,2.3,0,341,22.4
3/9/2023 0:00:00,-2.4,-6.7,3.3,0,355,16.4
3/10/2023 0:00:00,-2.2,-3.6,-0.3,7.2,46,20.7
3/11/2023 0:00:00,-2.8,-6.8,0.4,0.6,347,14.2
3/12/2023 0:00:00,-4.6,-10.9,-0.5,1.7,50,9.7
3/13/2023 0:00:00,-1.2,-4,2.3,0.4,337,11.6
3/14/2023 0:00:00,-4.6,-6.2,-3,0,327,27.8
3/15/2023 0:00:00,-2.8,-7.5,4.1,0,312,19.6
3/16/2023 0:00:00,0.9,-5.6,7.7,0.4,206,12.8
3/17/2023 0:00:00,3.9,-1.4,8.7,11.8,197,20
3/18/2023 0:00:00,-2.9,-6.4,-0.2,2,252,23
3/19/2023 0:00:00,-3.9,-9.2,1,0,269,24.7
3/20/2023 0:00:00,1.3,-3.8,7.4,0,238,22
3/21/2023 0:00:00,4.6,-0.2,10.9,0,270,13.6
3/22/2023 0:00:00,3,-0.7,6.2,0,115,15.2
3/23/2023 0:00:00,5.3,-2.1,8.8,3.5,266,14.4
3/24/2023 0:00:00,0.6,-3.3,6.8,0,349,12.3
3/25/2023 0:00:00,2.4,-0.6,9.2,18.1,111,29.7
3/26/2023 0:00:00,4.1,-0.2,10.4,0,272,23.3
3/27/2023 0:00:00,1.3,-2.4,5.9,5.2,44,10
3/28/2023 0:00:00,1.9,-1.7,7.6,0.5,308,10.8
3/29/2023 0:00:00,0.2,-4.7,7.8,1.3,259,20.6
3/30/2023 0:00:00,-1.4,-6.5,6.3,0,251,15.7
3/31/2023 0:00:00,1.3,-3.9,5.1,8.7,123,11.7
4/1/2023 0:00:00,7.4,-1.5,15.5,20.3,286,23.4
4/2/2023 0:00:00,-1.6,-6.4,2.4,0,216,14.4
4/3/2023 0:00:00,6.4,-0.4,15,1.2,205,16.6
4/4/2023 0:00:00,7.3,3.9,12.7,1.5,95,14.1
4/5/2023 0:00:00,9.1,4.2,17.1,8.3,129,23.8
4/6/2023 0:00:00,9.4,4.4,15.5,0,263,21
4/7/2023 0:00:00,1.9,-2.9,6.8,0,318,19.4
4/8/2023 0:00:00,0.8,-5.4,6.1,0,322,9.6
4/9/2023 0:00:00,3.4,-3,9.6,0,158,9
4/10/2023 0:00:00,8.9,-0.4,18.8,0,225,15.1
4/11/2023 0:00:00,14.4,6.8,21.7,0,260,20.9
4/12/2023 0:00:00,16.5,7.9,25,0.5,247,15.4
4/13/2023 0:00:00,19.8,13.8,27.7,0,252,17
4/14/2023 0:00:00,17.7,10.7,25.3,0,196,10.8
4/15/2023 0:00:00,16.3,10.6,23.5,0,110,8.7
4/16/2023 0:00:00,15.5,8.2,23.3,2.2,126,12.6
4/17/2023 0:00:00,6.4,1.8,11.6,3.7,215,22.8
4/18/2023 0:00:00,2.9,1.2,5,0,254,21.4
4/19/2023 0:00:00,4.9,0.6,10.5,0,296,16
4/20/2023 0:00:00,5.5,2.5,9.7,5.6,75,17.4
4/21/2023 0:00:00,10.8,5.7,19.7,8.1,101,15.7
4/22/2023 0:00:00,8.4,6.2,10.4,16,338,11.9
4/23/2023 0:00:00,6,2,10,0,270,12.5
4/24/2023 0:00:00,3.8,-1.2,8.7,1.6,303,10.1
4/25/2023 0:00:00,4.7,-0.4,10.1,2,250,12.7
4/26/2023 0:00:00,4.7,-0.7,10.3,0.9,314,10.6
4/27/2023 0:00:00,5.9,0.6,11.5,0,84,10.6
4/28/2023 0:00:00,8.3,4.3,12.4,7.6,89,19.8
4/29/2023 0:00:00,7.4,5.6,9.9,8,113,22.1
4/30/2023 0:00:00,8.6,6,11.5,6.6,118,15.8
5/1/2023 0:00:00,7.2,4.2,11.1,3,237,18.8
5/2/2023 0:00:00,4.6,2.9,6.7,6.6,220,13.1
5/3/2023 0:00:00,5.9,2.6,10,8.5,350,15.1
5/4/2023 0:00:00,8,4.5,12.1,6.6,43,8.4
5/5/2023 0:00:00,9.5,5.8,14,0.3,120,7.6
5/6/2023 0:00:00,11.5,3.4,17.4,0,182,7.4
5/7/2023 0:00:00,11.2,7,16.3,7.6,54,8.3
5/8/2023 0:00:00,12.9,7.3,19.3,0.5,340,16
5/9/2023 0:00:00,11.8,6.5,17.8,0,357,14.2
5/10/2023 0:00:00,13.2,4.3,21.3,0,280,12.7
5/11/2023 0:00:00,15.9,7.6,25.2,0,314,10.3
5/12/2023 0:00:00,18.6,11.5,25.7,0,302,12.5
5/13/2023 0:00:00,16.8,11.8,23.3,0,3,15
5/14/2023 0:00:00,12.2,7.8,17.5,0,2,16.2
5/15/2023 0:00:00,14,5.5,22.2,0,304,15.5
5/16/2023 0:00:00,14.7,8,24.2,0,285,20.2
5/17/2023 0:00:00,6.5,1.3,11.5,0,352,16.2
5/18/2023 0:00:00,7.8,0.4,14.3,0,103,10.2
5/19/2023 0:00:00,14.6,4.7,23.1,1.4,159,16.8
5/20/2023 0:00:00,14.9,11.1,19.3,18.3,238,14.7
5/21/2023 0:00:00,16.2,9.7,24.2,0,316,17.9
5/22/2023 0:00:00,12.8,7.3,17.5,0,98,12
5/23/2023 0:00:00,14.5,7.4,21.5,0,114,10.3
5/24/2023 0:00:00,12.8,8.7,15.9,0.6,346,19.3
5/25/2023 0:00:00,10.2,3.5,17.1,0,6,14.9
5/26/2023 0:00:00,13.2,5.4,20.7,0,343,12.6
5/27/2023 0:00:00,16,8.1,23.8,0,283,9.1
5/28/2023 0:00:00,18.9,9.9,27.9,0,342,11.2
5/29/2023 0:00:00,18.7,12.4,24.9,0,71,14.3
5/30/2023 0:00:00,19.7,12.9,27.1,0,104,10.6
5/31/2023 0:00:00,22.8,15.2,30.2,0,160,9.2
6/1/2023 0:00:00,24.4,16.5,31.4,0,17,10.9
6/2/2023 0:00:00,24.1,18.2,31.7,0.1,351,16.8
6/3/2023 0:00:00,20.5,14.9,24.5,0,71,15.2
6/4/2023 0:00:00,17.9,11.6,23.7,0,72,14.1
6/5/2023 0:00:00,19.6,12.5,26.2,0,339,12.6
6/6/2023 0:00:00,18.1,13.6,23,0,339,21.9
6/7/2023 0:00:00,16,10.4,21.5,0.1,337,17.7
6/8/2023 0:00:00,15.1,12.6,17.8,0.1,348,12.3
6/9/2023 0:00:00,15.3,10.4,22.1,4.6,331,13.8
6/10/2023 0:00:00,19.6,10.8,27,0,288,11.6
6/11/2023 0:00:00,18,14.7,21.4,1.8,95,9.9
6/12/2023 0:00:00,15.7,13.1,17.5,44.8,100,19.8
6/13/2023 0:00:00,14.5,9.7,18.9,0.1,199,14.5
6/14/2023 0:00:00,15.1,10.8,19.6,2.9,15,13.6
6/15/2023 0:00:00,15.7,9.9,22.2,17.1,319,11.1
6/16/2023 0:00:00,17.1,12.2,21.7,1.6,350,15.4
6/17/2023 0:00:00,17.8,12,23.3,0,330,18
6/18/2023 0:00:00,18.5,12.3,24.8,0,340,12.7
6/19/2023 0:00:00,18.9,12.9,24.1,0,81,14.5
6/20/2023 0:00:00,20.1,16.3,25.2,0,89,17.7
6/21/2023 0:00:00,20.9,15.8,26,0,78,14.5
6/22/2023 0:00:00,20.2,15.5,24.9,0,98,11.3
6/23/2023 0:00:00,20.1,16.9,24.5,0.6,91,9.1
6/24/2023 0:00:00,21.3,17.7,26.2,10.8,352,8.5
6/25/2023 0:00:00,21.6,16.5,27,0.6,73,11.3
6/26/2023 0:00:00,19.8,17.7,22.3,5,141,14.7
6/27/2023 0:00:00,19.7,17.5,24.5,7.4,301,13
6/28/2023 0:00:00,18.8,15.3,23.5,0,330,19.1
6/29/2023 0:00:00,19.1,12.2,24.8,0,170,10.2
6/30/2023 0:00:00,21,16.9,25.9,0.2,114,11.7
7/1/2023 0:00:00,22.9,17.8,28.6,1.4,151,8.6
7/2/2023 0:00:00,21.4,18.2,24.6,4.6,99,7.4
7/3/2023 0:00:00,22.2,18.4,26.9,0.4,104,7.3
7/4/2023 0:00:00,24.3,17.4,30.4,0.2,319,9.7
7/5/2023 0:00:00,24.8,17.6,31,0.7,233,8.4
7/6/2023 0:00:00,23.5,19.1,30.2,2.4,250,9.8
7/7/2023 0:00:00,21.9,17.1,27.3,0,315,12.9
7/8/2023 0:00:00,18.7,13.5,26.1,1.9,285,9.3
7/9/2023 0:00:00,20.2,15.8,25.1,1.2,359,9.5
7/10/2023 0:00:00,21.7,14.2,28.5,0,280,13.3
7/11/2023 0:00:00,22.5,17.9,29.3,13.8,255,14.3
7/12/2023 0:00:00,19.4,13.1,25.3,0.9,284,10.3
7/13/2023 0:00:00,21.2,16.5,25.1,13.6,269,18.5
7/14/2023 0:00:00,19.7,12.8,24.7,0.1,218,9
7/15/2023 0:00:00,21.3,17.6,24.2,1.4,162,10.1
7/16/2023 0:00:00,22.3,18.1,27.8,12.2,240,10.6
7/17/2023 0:00:00,21.5,16.1,26.5,0,247,13.5
7/18/2023 0:00:00,20,14.8,24.9,0.6,326,7.5
7/19/2023 0:00:00,19.2,13.4,24.1,0.2,243,7.6
7/20/2023 0:00:00,20.3,16.3,26.6,0.7,186,10.8
7/21/2023 0:00:00,20.7,17.7,24.6,0,313,19.6
7/22/2023 0:00:00,21.2,15.1,27.6,0,305,11.2
7/23/2023 0:00:00,20.1,13.9,25.9,8.2,275,8.7
7/24/2023 0:00:00,20.6,15.6,25.5,4,257,9.4
7/25/2023 0:00:00,20.8,15.8,26.9,0.9,223,7.9
7/26/2023 0:00:00,23.6,17.9,29.8,8,210,14.4
7/27/2023 0:00:00,23.8,20,28.5,20.6,300,13.3
7/28/2023 0:00:00,24.1,17.6,30.8,2.2,264,10.8
7/29/2023 0:00:00,20.8,17,23.5,13.6,352,14.2
7/30/2023 0:00:00,18.5,12.6,23.7,0,314,9.5
7/31/2023 0:00:00,17.9,14,22.4,1.4,318,14.3
8/1/2023 0:00:00,18,12.1,23.4,0,330,9.7
8/2/2023 0:00:00,19.6,12.9,24.7,0,196,12.5
8/3/2023 0:00:00,22.3,17.4,28,28.4,229,14.4
8/4/2023 0:00:00,21.2,16.6,25.8,1.2,322,15.5
8/5/2023 0:00:00,19.4,15.3,23.8,0,359,10.9
8/6/2023 0:00:00,19.3,13.7,24.2,0.2,65,16
8/7/2023 0:00:00,21.2,18.2,26.3,4.9,173,17.6
8/8/2023 0:00:00,20.4,17.5,24.9,0.2,316,22.3
8/9/2023 0:00:00,21.4,15.8,27.2,0,280,10.9
8/10/2023 0:00:00,20.4,16.6,25.8,6.5,267,12
8/11/2023 0:00:00,19.4,13.6,25.3,0,273,13.2
8/12/2023 0:00:00,21.2,18.1,26.9,3.2,214,14.1
8/13/2023 0:00:00,19,13.8,24.3,0,298,14.3
8/14/2023 0:00:00,18.9,14.3,23,0,10,9
8/15/2023 0:00:00,20.1,17.4,24.1,4.3,40,13.4
8/16/2023 0:00:00,20.9,16,26.6,0,303,13.3
8/17/2023 0:00:00,20.5,15.6,25.4,5.6,196,18.4
8/18/2023 0:00:00,16.8,13.4,18.8,0.5,288,21.5
8/19/2023 0:00:00,18.7,12.9,24.9,0,289,15.2
8/20/2023 0:00:00,21,14.6,28,0,252,11.2
8/21/2023 0:00:00,20.8,17.7,24,0,344,14
8/22/2023 0:00:00,18.8,13.6,24,0,1,10.7
8/23/2023 0:00:00,18.4,15.9,21.4,0.9,127,9.5
8/24/2023 0:00:00,20.1,16.9,24,0,100,10.7
8/25/2023 0:00:00,21,17.6,25.3,0,354,12.5
8/26/2023 0:00:00,18.9,15.4,23.2,1.3,342,13.5
8/27/2023 0:00:00,16.3,11.3,21.5,0,7,10.9
8/28/2023 0:00:00,17,11,23.4,0,45,8.4
8/29/2023 0:00:00,17.7,11.2,23.3,1.2,158,9
8/30/2023 0:00:00,16.4,12.2,19.4,2.3,307,17.6
8/31/2023 0:00:00,15.5,9.5,22.4,0,349,10.5
9/1/2023 0:00:00,17.1,10.5,23.3,0,223,9
9/2/2023 0:00:00,18.9,13.2,25.8,0.4,233,14.6
9/3/2023 0:00:00,22.7,16,29.9,0,239,12
9/4/2023 0:00:00,25.9,19.9,32.9,0,260,12.1
9/5/2023 0:00:00,24.8,18.7,30.4,0,242,10.1
9/6/2023 0:00:00,25.4,21.1,30,0.2,219,11.4
9/7/2023 0:00:00,22.2,17,27.4,1.3,235,12.8
9/8/2023 0:00:00,16.8,14.2,20.6,0,333,15.9
9/9/2023 0:00:00,16.7,13.3,19.5,0,12,9.3
9/10/2023 0:00:00,19,16.5,22.9,1.2,356,8.8
9/11/2023 0:00:00,18.4,15,22.4,0.8,52,7.5
9/12/2023 0:00:00,18.4,14.8,22.6,5.6,214,11.7
9/13/2023 0:00:00,14.8,11.1,19.2,0,297,14.2
9/14/2023 0:00:00,13.8,9.3,19.5,0,328,12.4
9/15/2023 0:00:00,14,8.2,20.4,0,326,7.8
9/16/2023 0:00:00,15.2,7.6,22.9,0,337,8.6
9/17/2023 0:00:00,15.6,11,21.3,5,321,8.7
9/18/2023 0:00:00,15.1,11.9,19,3.3,330,15.8
9/19/2023 0:00:00,13.7,9.3,19.5,0,320,13.7
9/20/2023 0:00:00,13.1,6.3,20.1,0,348,8.1
9/21/2023 0:00:00,16.1,11.4,21.4,0,105,8.9
9/22/2023 0:00:00,16.4,12.6,21,0,93,13
9/23/2023 0:00:00,16.2,12.5,20.8,0,79,12.7
9/24/2023 0:00:00,16.3,11.3,21.9,0,66,15.2
9/25/2023 0:00:00,17.4,13.5,22.1,0,66,16.5
9/26/2023 0:00:00,16.2,14.4,19,0,95,20.3
9/27/2023 0:00:00,15.4,12.4,19,0,89,18.1
9/28/2023 0:00:00,15.1,12.3,18.9,0,90,16.5
9/29/2023 0:00:00,15.9,11.2,20.6,0,80,9.5
9/30/2023 0:00:00,16.9,12.6,22.9,0,52,8.4
10/1/2023 0:00:00,18.7,13.8,25.6,0,345,9.8
10/2/2023 0:00:00,19.3,13.6,26.2,0,246,8.4
10/3/2023 0:00:00,21.3,15.5,28.2,0,251,9.8
10/4/2023 0:00:00,20.9,16.6,26.4,0,178,10.4
10/5/2023 0:00:00,20.5,16.8,25.6,6.4,182,15.3
10/6/2023 0:00:00,17.4,12.3,21.7,11.9,227,15.8
10/7/2023 0:00:00,11.4,8.3,14.4,0,270,17.5
10/8/2023 0:00:00,8.2,7.1,9.5,1.7,285,25
10/9/2023 0:00:00,8.6,7.4,10.3,0.1,243,24.6
10/10/2023 0:00:00,9.3,6.7,13,1.5,237,17.9
10/11/2023 0:00:00,9.3,5.9,13.8,0.4,250,14.7
10/12/2023 0:00:00,8.6,4.2,14.1,0,326,12
10/13/2023 0:00:00,9.2,4.8,14.4,0,0,11
10/14/2023 0:00:00,10.2,8,13.4,0.6,33,16.1
10/15/2023 0:00:00,7.9,6.1,10.1,0.1,337,19.3
10/16/2023 0:00:00,10.3,8.4,13.3,0,341,19.7
10/17/2023 0:00:00,10.7,7.7,14.6,0,333,10.4
10/18/2023 0:00:00,10.5,6.7,14.5,0,224,11.7
10/19/2023 0:00:00,11,6,15.9,2.1,179,14.3
10/20/2023 0:00:00,12.2,9.2,14.8,14,199,15.4
10/21/2023 0:00:00,9.5,7.5,12,0.6,311,18.5
10/22/2023 0:00:00,6.6,3.6,9,0,323,23.9
10/23/2023 0:00:00,6.1,-0.2,12.5,0,255,9.6
10/24/2023 0:00:00,11.9,5.6,18.4,0,176,13.3
10/25/2023 0:00:00,16.3,13.5,18.8,0.9,221,17.1
10/26/2023 0:00:00,16,13.7,18.6,2.4,194,12.6
10/27/2023 0:00:00,18.8,16.3,23,2,227,20.1
10/28/2023 0:00:00,12,6.1,17.9,0.2,312,18.2
10/29/2023 0:00:00,6,5.1,6.6,1.6,42,12.5
10/30/2023 0:00:00,3.5,-0.1,5.7,5.2,321,14.2
10/31/2023 0:00:00,0.8,-3.4,6,0.4,265,10.4
11/1/2023 0:00:00,0.8,-2.4,4.3,0,301,15.3
11/2/2023 0:00:00,2.9,-2.3,8.5,0,228,16.8
11/3/2023 0:00:00,8.3,4.1,12.3,0,215,23.1
11/4/2023 0:00:00,9.1,6.8,12.3,0.7,248,10.4
11/5/2023 0:00:00,5.7,1.3,8.9,0,359,9.8
11/6/2023 0:00:00,8.4,3.9,11.4,5.6,164,18.3
11/7/2023 0:00:00,7.3,2.1,12.1,0.2,300,20.8
11/8/2023 0:00:00,0,-5,2.9,13.7,67,16.7
11/9/2023 0:00:00,6.1,3.1,10.4,6.5,276,20.6
11/10/2023 0:00:00,4.6,0.6,10,0,269,15.1
11/11/2023 0:00:00,1.4,-2.9,4.8,0,344,10.9
11/12/2023 0:00:00,0.1,-3.5,5.2,0,99,9.1
11/13/2023 0:00:00,5.3,0.5,12.1,1,229,15.6
11/14/2023 0:00:00,4.4,1.6,8.2,0,277,12.3
11/15/2023 0:00:00,5.8,1.4,12.3,0,221,14.1
11/16/2023 0:00:00,5.5,0,10.3,0,147,10.5
11/17/2023 0:00:00,8.7,0.4,13.1,6.4,265,21.5
11/18/2023 0:00:00,2.4,-2.1,6.9,0,268,13.2
11/19/2023 0:00:00,1.8,-0.9,5.2,0,304,15.7
11/20/2023 0:00:00,-3.1,-7,0.8,0,54,10.7
11/21/2023 0:00:00,1.7,-1.1,4.4,10.6,109,22.6
11/22/2023 0:00:00,3.7,0.3,5.8,2.4,333,14.4
11/23/2023 0:00:00,3.1,-0.8,7.1,0,260,18.4
11/24/2023 0:00:00,-2.3,-4.9,0.6,0,306,14.5
11/25/2023 0:00:00,-1,-4.5,3.5,0,237,11.4
11/26/2023 0:00:00,1.7,-2.7,5,8.4,131,12.2
11/27/2023 0:00:00,-0.1,-3.4,1.9,0.2,255,23.4
11/28/2023 0:00:00,-3.7,-6.4,-0.8,0,277,21.4
11/29/2023 0:00:00,-3.1,-5.6,0.6,0,232,19.8
11/30/2023 0:00:00,2.1,-3.6,8,0,224,19.3
12/1/2023 0:00:00,2.5,0.7,6.5,8.6,358,11.3
12/2/2023 0:00:00,2.2,1.4,3.8,3.7,20,10.2
12/3/2023 0:00:00,1.7,0.7,2.7,2.9,28,14.4
12/4/2023 0:00:00,1.4,-1.7,3.2,0.2,293,14.7
12/5/2023 0:00:00,-0.9,-4,1.8,0,290,6.2
12/6/2023 0:00:00,-2.2,-4.8,0.5,0,335,10.7
12/7/2023 0:00:00,0.8,-3.1,5.7,1.7,243,12
12/8/2023 0:00:00,2.7,-2.2,6.1,0,112,13
12/9/2023 0:00:00,8.7,5.4,12.1,4.9,171,15.3
12/10/2023 0:00:00,4.7,1.3,8.5,5.4,263,14.3
12/11/2023 0:00:00,0.2,-1.4,1.2,0,290,19.4
12/12/2023 0:00:00,0.5,-2.7,4.6,0,238,22.6
12/13/2023 0:00:00,-1.6,-4.4,1.3,0,276,17.2
12/14/2023 0:00:00,0.2,-4.4,5.9,0,233,14.6
12/15/2023 0:00:00,4.2,1.3,10.2,0,265,16.3
12/16/2023 0:00:00,2.9,0.8,4.2,0.1,70,15.3
12/17/2023 0:00:00,5.3,4,6.5,10.4,163,15.7
12/18/2023 0:00:00,3.3,-2.1,5.6,7.6,285,17.1
12/19/2023 0:00:00,-3.7,-6.1,-1.1,3.5,294,21.4
12/20/2023 0:00:00,-0.4,-5.6,4.3,0,256,11.5
12/21/2023 0:00:00,-3,-6,-0.2,0,71,16.6
12/22/2023 0:00:00,-3.3,-5.1,-0.8,0,76,15.4
12/23/2023 0:00:00,0.5,-3,2.5,5.9,95,10.4
12/24/2023 0:00:00,2.2,0.4,4.2,0,320,7.3
12/25/2023 0:00:00,4.1,2.6,7.1,0,89,14
12/26/2023 0:00:00,5.2,2.8,8.4,0.2,93,10.2
12/27/2023 0:00:00,6.6,5,7.6,15.2,76,14.8
12/28/2023 0:00:00,6.5,6,7.3,6.1,60,10.1
12/29/2023 0:00:00,5,2.1,6.3,7.7,269,11.8
12/30/2023 0:00:00,-0.2,-1.7,1.9,0,338,12.9
12/31/2023 0:00:00,-0.5,-1.5,1.1,1.3,49,9.2
1/1/2024 0:00:00,-2.3,-3.7,-0.8,0,341,9.9
1/2/2024 0:00:00,-1.5,-4.5,2.8,0,232,17.9
1/3/2024 0:00:00,0.3,-0.9,2.3,0,245,14.9
1/4/2024 0:00:00,-5.1,-8.5,-0.7,0,317,17.6
1/5/2024 0:00:00,-2.4,-5.3,0.1,0,239,16.3
1/6/2024 0:00:00,-1.5,-3.6,1,2.8,98,16.6
1/7/2024 0:00:00,-2.1,-4.8,1.5,1.6,339,11.8
1/8/2024 0:00:00,-1,-5.8,2.9,0,260,9.2
1/9/2024 0:00:00,1.1,-1.2,4.2,29.8,100,25.5
1/10/2024 0:00:00,1,-1.7,5,1.6,245,26.7
1/11/2024 0:00:00,-0.3,-1.6,1.2,3.3,238,10.5
1/12/2024 0:00:00,-0.8,-4.9,1.9,9.8,71,23.3
1/13/2024 0:00:00,-0.6,-5.5,4.7,5.3,214,29.4
1/14/2024 0:00:00,-7.6,-12.2,-5.3,0,241,30.2
1/15/2024 0:00:00,-13.6,-16.1,-10.3,0,243,18.8
1/16/2024 0:00:00,-11.1,-13.8,-7.6,1.3,241,13.3
1/17/2024 0:00:00,-13.2,-17.4,-9.7,0,240,21.7
1/18/2024 0:00:00,-8,-11.8,-4.6,0,253,14.3
1/19/2024 0:00:00,-11.5,-15.9,-8.8,0,345,15
1/20/2024 0:00:00,-12.4,-16.4,-8.3,0,315,16.5
1/21/2024 0:00:00,-7.8,-11.3,-2.5,0,283,12.9
1/22/2024 0:00:00,-4.4,-8.5,-1.3,0,223,18.7
1/23/2024 0:00:00,-1.5,-4.5,0,6.1,164,10.2
1/24/2024 0:00:00,0.8,0.1,1.7,8.7,89,8.7
1/25/2024 0:00:00,2,1.1,4.5,0.1,46,9.9
1/26/2024 0:00:00,2.5,0.7,6,25.1,5,16.5
1/27/2024 0:00:00,1.1,-2.1,5,0,8,7.2
1/28/2024 0:00:00,1.7,0.6,3.6,1,23,14.3
1/29/2024 0:00:00,-0.3,-4,3.6,0,355,11.6
1/30/2024 0:00:00,-0.2,-4,2.2,0,143,14
1/31/2024 0:00:00,0.9,-3.6,4.3,0,271,11.4
2/1/2024 0:00:00,2.3,0.4,5.3,0,252,16.3
2/2/2024 0:00:00,-0.6,-3.1,2.1,0,346,16.5
2/3/2024 0:00:00,-2.7,-6.6,3.5,0,309,6.8
2/4/2024 0:00:00,-1.1,-5.9,6.3,0,343,10.3
2/5/2024 0:00:00,-0.1,-4,5.2,0,14,10.5
2/6/2024 0:00:00,-1.8,-5.2,3.5,0,104,9
2/7/2024 0:00:00,0,-2.9,5.7,0,120,8.1
2/8/2024 0:00:00,1.4,-2.9,6.8,0,108,11.4
2/9/2024 0:00:00,6.8,2.2,12.2,0,199,19.2
2/10/2024 0:00:00,4.1,-0.7,9.3,0.3,268,12.7
2/11/2024 0:00:00,0,-2.6,4.1,0,287,10.9
2/12/2024 0:00:00,-1,-3.7,3.2,0,228,8.7
2/13/2024 0:00:00,-1.5,-4.9,4.7,0.2,309,15.9
2/14/2024 0:00:00,-5.1,-7.9,0,0,331,13.3
2/15/2024 0:00:00,-3.5,-8,0,5.7,187,17.3
2/16/2024 0:00:00,-3.6,-6.5,-1,0,303,18.3
2/17/2024 0:00:00,-7.6,-10.6,-5.4,0,290,15.5
2/18/2024 0:00:00,-4,-6.9,-0.2,0.6,246,26.6
2/19/2024 0:00:00,-7.3,-12.1,-2.3,0,218,10
2/20/2024 0:00:00,-2.8,-9.9,3.9,0,177,11.2
2/21/2024 0:00:00,2.6,-3.1,9.6,0.3,165,14.5
2/22/2024 0:00:00,4.2,-0.7,9.9,0.6,235,10.5
2/23/2024 0:00:00,-0.4,-9.1,8,0,318,17.4
2/24/2024 0:00:00,-9.1,-14.1,-3.7,0,345,14.1
2/25/2024 0:00:00,-0.9,-8.7,5.6,0,208,19.5
2/26/2024 0:00:00,2,-2,7.9,0,233,11.2
2/27/2024 0:00:00,5.9,0.3,12.8,2.1,164,16.5
2/28/2024 0:00:00,3.7,-6.3,15.5,3.4,230,27.7
2/29/2024 0:00:00,-5.5,-7.8,-3.2,0,282,21.7
3/1/2024 0:00:00,0.7,-6.8,8.8,0,180,12.8
3/2/2024 0:00:00,3.6,1.3,6,1.3,137,8.4
3/3/2024 0:00:00,5.1,2.5,9.7,0,101,11.9
3/4/2024 0:00:00,7.1,1.9,14.7,0,115,14.5
3/5/2024 0:00:00,9.3,4.9,15.3,1.7,162,16.2
3/6/2024 0:00:00,5.7,4.5,8.3,0,6,15.5
3/7/2024 0:00:00,4.4,-1.2,10.9,0,55,12
3/8/2024 0:00:00,4.5,0.2,8.7,1.1,97,19.6
3/9/2024 0:00:00,6.9,2.7,10.1,15.5,200,20
3/10/2024 0:00:00,-0.8,-2.2,1.8,0.1,318,26.1
3/11/2024 0:00:00,2.1,-2.3,7.6,0,293,22.7
3/12/2024 0:00:00,5.7,-1,13.8,0,234,11
3/13/2024 0:00:00,10.7,4.6,19.3,0,271,14.3
3/14/2024 0:00:00,6.2,0.3,12.7,12.4,23,12
3/15/2024 0:00:00,5.8,0.4,11.8,0,342,16.3
3/16/2024 0:00:00,3.1,-4,10,4.3,239,16.4
3/17/2024 0:00:00,2.5,-1.3,5.9,0.2,285,19.4
3/18/2024 0:00:00,-0.5,-3.3,3.2,0,291,19.9
3/19/2024 0:00:00,-0.9,-3,1.7,0.4,246,19.3
3/20/2024 0:00:00,-2.1,-5.6,0.4,0.2,285,23.3
3/21/2024 0:00:00,-4.8,-7.9,-1.4,0,306,18.8
3/22/2024 0:00:00,-5.2,-8.4,-2.7,5.8,79,12.9
3/23/2024 0:00:00,-3.5,-6.4,0.9,1,347,16.7
3/24/2024 0:00:00,-4.4,-10.5,1.4,0,41,10.3
3/25/2024 0:00:00,3,-2.5,8.9,0,107,21
3/26/2024 0:00:00,4.9,2.6,8.3,9.7,117,18
3/27/2024 0:00:00,7,-1,11.2,2.4,223,17.2
3/28/2024 0:00:00,2.3,-4.6,9.6,0,261,12.4
3/29/2024 0:00:00,1.1,-3.3,7.4,0,317,17
3/30/2024 0:00:00,1.8,-3.6,7,0.2,291,10.9
3/31/2024 0:00:00,3.7,-0.8,9.4,0,299,13.2
4/1/2024 0:00:00,4.9,-0.7,12.5,0,1,12.8
4/2/2024 0:00:00,4.9,3.9,6.1,2.5,88,31.1
4/3/2024 0:00:00,4.1,1,5.7,34.2,93,32.2
4/4/2024 0:00:00,2,-0.3,3.8,8.8,76,20.3
4/5/2024 0:00:00,2,-2,5.3,0,333,21
4/6/2024 0:00:00,5.6,0.8,11.5,0,335,21.3
4/7/2024 0:00:00,7.3,0.4,14.3,0,326,12.4
4/8/2024 0:00:00,7.1,1.4,11.9,0,105,9.8
4/9/2024 0:00:00,10.5,3.2,18.3,0,156,11.3
4/10/2024 0:00:00,11.9,4.2,18.3,0,311,11.9
4/11/2024 0:00:00,10.4,7.7,14.2,23.5,83,17.5
4/12/2024 0:00:00,9,3.7,12,29.7,216,22.9
4/13/2024 0:00:00,6.1,2.3,11.3,6,295,29.9
4/14/2024 0:00:00,8.7,3.2,17,4.9,188,10.4
4/15/2024 0:00:00,9.5,3.5,16.4,0,307,14.7
4/16/2024 0:00:00,9.6,3.4,16.5,0,349,12.5
4/17/2024 0:00:00,6.7,4.9,8.2,9.3,88,27.7
4/18/2024 0:00:00,11.3,7.6,16.1,3.8,308,13.2
4/19/2024 0:00:00,9.4,5.6,15.8,4.8,313,15.1
4/20/2024 0:00:00,5,1.5,8.5,0.3,283,17.9
4/21/2024 0:00:00,4.8,-0.3,9.7,0,283,16.6
4/22/2024 0:00:00,5.6,-2.1,12,0,254,13.5
4/23/2024 0:00:00,10.3,5.3,16.5,1.2,208,22.1
4/24/2024 0:00:00,6.1,0.7,9.6,0.5,339,19.7
4/25/2024 0:00:00,2.6,-3.1,8.4,0,92,10.2
4/26/2024 0:00:00,5.3,-2.9,11.6,0,77,16.4
4/27/2024 0:00:00,11.2,5.7,17.1,5.7,138,17.7
4/28/2024 0:00:00,16.4,12.2,24.1,11,278,15.2
4/29/2024 0:00:00,10.7,8,13.2,6.4,99,19.4
4/30/2024 0:00:00,12.3,8.5,17.2,5.8,117,11.1
5/1/2024 0:00:00,11.8,4.7,17.5,0,267,11.3
5/2/2024 0:00:00,13.4,9.2,19.9,0,335,14.7
5/3/2024 0:00:00,13.1,9,16.7,2.4,78,13.5
5/4/2024 0:00:00,14.9,10.4,19.9,0,69,13.4
5/5/2024 0:00:00,14.4,10.6,20.1,3.1,163,13.5
5/6/2024 0:00:00,12.6,7.2,19.5,0,339,15.5
5/7/2024 0:00:00,13.3,6.3,19.9,0.5,73,12.7
5/8/2024 0:00:00,14,10.1,19.3,6.2,298,21.1
5/9/2024 0:00:00,11.5,6.7,16.8,0,40,10.4
5/10/2024 0:00:00,11.5,6.6,16,1.1,24,8.2
5/11/2024 0:00:00,10.3,5.6,15,2.9,146,12.7
5/12/2024 0:00:00,12.7,7.7,17.9,0.1,325,13
5/13/2024 0:00:00,16.1,9.3,24.4,11.6,195,15.3
5/14/2024 0:00:00,16.9,12.6,22.3,1.1,307,9.5
5/15/2024 0:00:00,15.2,10.1,21.2,7.5,51,10.6
5/16/2024 0:00:00,16.1,9.9,21.5,0.1,90,9.1
5/17/2024 0:00:00,15.1,11.9,19.3,3.2,107,10.5
5/18/2024 0:00:00,16.6,11.7,21.8,0.9,89,10.3
5/19/2024 0:00:00,17.5,10.6,23.7,0,190,6.4
5/20/2024 0:00:00,19.5,11.7,26,0,219,9.7
5/21/2024 0:00:00,20.7,15.8,27.7,1.5,208,11.6
5/22/2024 0:00:00,21,14.9,26.8,1,174,16.8
5/23/2024 0:00:00,19.2,13.3,25.4,0,256,16.8
5/24/2024 0:00:00,17.8,12.8,24.8,0,320,15.1
5/25/2024 0:00:00,14.6,11.1,19.9,2.8,116,11.1
5/26/2024 0:00:00,16.4,10.6,22,0,60,14.6
5/27/2024 0:00:00,18.5,14.8,24.8,31.9,205,22
5/28/2024 0:00:00,15.9,13.2,18.6,4.2,297,16.2
5/29/2024 0:00:00,14.1,10.4,18.9,0,345,15.4
5/30/2024 0:00:00,12.8,6.8,17.9,0,338,15.3
5/31/2024 0:00:00,15.9,7.6,23.7,0,310,13.6
6/1/2024 0:00:00,16.3,8.1,22.8,0,192,9.1
6/2/2024 0:00:00,16,13.7,19,2.5,118,8.4
6/3/2024 0:00:00,18.4,14.9,23.2,0.5,115,8.4
6/4/2024 0:00:00,19.7,13.8,26.1,0,122,8.4
6/5/2024 0:00:00,20.1,15.9,23.9,3.2,135,13.4
6/6/2024 0:00:00,20.8,17.4,24.6,6.8,245,14.1
6/7/2024 0:00:00,16.3,13.6,19.2,3.5,276,17
6/8/2024 0:00:00,15.9,11.8,21,2.7,279,16.9
6/9/2024 0:00:00,14,10.2,16.8,4.2,286,15.6
6/10/2024 0:00:00,12.5,10.2,16.2,0,321,18.1
6/11/2024 0:00:00,13.8,11,18.1,0,19,11.2
6/12/2024 0:00:00,16.3,9.6,21.8,0,189,11.7
6/13/2024 0:00:00,22.1,15.1,28.7,4.6,213,18.9
6/14/2024 0:00:00,19,14.5,23.4,0,319,16.5
6/15/2024 0:00:00,16.2,11.5,21.2,0,346,13.5
6/16/2024 0:00:00,16.6,11.2,22.5,0,87,12.5
6/17/2024 0:00:00,22.9,13.9,31.5,6.1,192,11.5
6/18/2024 0:00:00,26.1,20.3,33.3,1.3,187,11.6
6/19/2024 0:00:00,26.6,21.3,32.6,0.4,205,10.8
6/20/2024 0:00:00,25.3,20.7,30.7,2.2,305,8.8
6/21/2024 0:00:00,22.5,19.7,25.9,2.7,109,9.1
6/22/2024 0:00:00,21.2,18.2,25.4,3.5,68,8.5
6/23/2024 0:00:00,22,17.9,27.1,5.3,243,24
6/24/2024 0:00:00,21.1,16,26.4,0,331,18.3
6/25/2024 0:00:00,21.2,13.7,28.5,1.2,226,16.8
6/26/2024 0:00:00,21.9,16.7,28.3,2.4,277,12.4
6/27/2024 0:00:00,16.6,12.7,21.2,0,327,16.9
6/28/2024 0:00:00,16.5,9.6,22.4,0,89,12.6
6/29/2024 0:00:00,22,16.9,29.3,12.1,192,17.8
6/30/2024 0:00:00,18,14.2,21.2,0.2,305,20.6
7/1/2024 0:00:00,17.9,10.8,24.6,0,344,12.5
7/2/2024 0:00:00,18.9,11.8,24.5,0,101,11.6
7/3/2024 0:00:00,23.2,18.8,29.5,2.9,189,16.8
7/4/2024 0:00:00,23.6,17.2,29.5,0.1,280,10
7/5/2024 0:00:00,22.5,17.2,27.7,3.1,39,9.3
7/6/2024 0:00:00,22.3,17.4,27.3,0.7,236,11.1
7/7/2024 0:00:00,21.4,15.3,26.8,0,280,10.1
7/8/2024 0:00:00,22.9,15.7,28.7,0.2,210,8.7
7/9/2024 0:00:00,24,18.4,29.8,0.4,253,9.8
7/10/2024 0:00:00,21.4,19,26,36.7,69,16.7
7/11/2024 0:00:00,21.6,18.2,25.7,6.2,358,16.5
7/12/2024 0:00:00,21.9,16.4,27.5,0,321,9
7/13/2024 0:00:00,22.9,16.5,29.2,0,314,8.4
7/14/2024 0:00:00,22.9,16.4,28.5,2.4,234,12.3
7/15/2024 0:00:00,22.3,18.3,26.8,15.2,231,11.5
7/16/2024 0:00:00,23.4,19.7,30,19,238,13.2
7/17/2024 0:00:00,21.6,18,26.9,1.7,309,12.2
7/18/2024 0:00:00,17.9,14.3,21.6,0,329,16.8
7/19/2024 0:00:00,18.4,11.9,24.8,0,269,11.6
7/20/2024 0:00:00,20.6,12.9,27.6,0,272,11.6
7/21/2024 0:00:00,21,16.2,26.1,0.2,321,8.9
7/22/2024 0:00:00,21.3,13.9,27.9,0.2,337,9.2
7/23/2024 0:00:00,22.3,17,27.6,0.4,246,9.1
7/24/2024 0:00:00,21.6,16.4,26.1,5.9,216,13.4
7/25/2024 0:00:00,18.7,14.4,23.3,0,322,16.5
7/26/2024 0:00:00,20.2,13.7,26.5,0,339,11.5
7/27/2024 0:00:00,21.2,14.6,27.2,0,260,8.7
7/28/2024 0:00:00,22.5,15.6,28.9,0,140,9
7/29/2024 0:00:00,23.2,16.9,29.6,0,101,7.9
7/30/2024 0:00:00,23.2,19.2,27.2,5.9,144,10
7/31/2024 0:00:00,24.9,20,31.7,0.6,316,11.6
8/1/2024 0:00:00,25,19.8,31.1,0.7,289,7.6
8/2/2024 0:00:00,23.5,21,27.1,8.5,130,7.1
8/3/2024 0:00:00,24.8,18.7,30.4,0,293,10.8
8/4/2024 0:00:00,24.4,19.1,30.9,0,324,13.9
8/5/2024 0:00:00,21.8,18.4,26.8,12.9,312,10
8/6/2024 0:00:00,18.7,16,20.9,8.1,44,11.3
8/7/2024 0:00:00,19.3,14.5,23.4,0,67,13.5
8/8/2024 0:00:00,20.1,16.1,24.5,18.7,97,14.7
8/9/2024 0:00:00,22.2,16.3,27.7,13.9,335,13.6
8/10/2024 0:00:00,18.2,14,23.2,0,270,15.7
8/11/2024 0:00:00,17.4,13.5,21,0.6,262,17.7
8/12/2024 0:00:00,18.1,13.4,23.4,0.4,307,13.9
8/13/2024 0:00:00,20.1,14.6,25.8,0.1,337,10.1
8/14/2024 0:00:00,21.3,15.3,27.8,0,326,10
8/15/2024 0:00:00,21.8,16.3,27.7,0,274,9.5
8/16/2024 0:00:00,21.9,17.6,26.3,7.1,120,11.9
8/17/2024 0:00:00,21.8,18.8,25,9.6,180,15.2
8/18/2024 0:00:00,20.9,19.1,24.9,13,224,13.1
8/19/2024 0:00:00,17,14.1,19.6,0,346,21.5
8/20/2024 0:00:00,14.7,11.2,18.2,0,346,18.9
8/21/2024 0:00:00,15.3,11,20.1,0,332,16.3
8/22/2024 0:00:00,17.6,11.9,24,0,327,12.4
8/23/2024 0:00:00,18.7,12.5,25.2,0,243,14
8/24/2024 0:00:00,19.5,13.2,25.1,0,236,9.9
8/25/2024 0:00:00,21.4,15,26.9,0.4,308,7.1
8/26/2024 0:00:00,22.8,16,28,0,241,9
8/27/2024 0:00:00,,,,,,
8/28/2024 0:00:00,,,,,,
8/29/2024 0:00:00,,,,,,
8/30/2024 0:00:00,,,,,,
8/31/2024 0:00:00,,,,,,
9/1/2024 0:00:00,,,,,,
9/2/2024 0:00:00,,,,,,
9/3/2024 0:00:00,,,,,,
9/4/2024 0:00:00,17.6,11.2,23.8,0,210,9
9/5/2024 0:00:00,19,13.1,24.6,0,164,12.7
9/6/2024 0:00:00,18.8,14.3,25.3,16,226,14.7
9/7/2024 0:00:00,12.8,9.3,15.2,9.4,318,20.5
9/8/2024 0:00:00,12.9,7.7,18,0,276,20.4
9/9/2024 0:00:00,15.2,12.1,18.8,3.4,267,13.8
9/10/2024 0:00:00,15.7,9.5,21.8,0,266,9
9/11/2024 0:00:00,17.2,11.5,23.4,0,203,8.5
9/12/2024 0:00:00,19,13.3,25.9,0,92,7.7
9/13/2024 0:00:00,19.7,14.2,26.6,0,80,7
9/14/2024 0:00:00,19.4,14.5,25.3,0,86,9
9/15/2024 0:00:00,20.1,15.4,26.4,0,113,8.6
9/16/2024 0:00:00,20.3,15.3,26.7,0,133,7.4
9/17/2024 0:00:00,19.1,14.5,24.4,0,81,9.1
9/18/2024 0:00:00,19,14.5,25,0,85,9.3
9/19/2024 0:00:00,19,13.9,24.9,0,75,9.1
9/20/2024 0:00:00,19.4,14.3,24.7,0,76,9.2
9/21/2024 0:00:00,19.1,15.2,24.7,1,57,7.5
9/22/2024 0:00:00,19.1,14.9,24.1,0.2,71,9.4
9/23/2024 0:00:00,19.1,16.5,23.4,18.5,82,14
9/24/2024 0:00:00,17.4,16.6,18.3,8.1,99,17.4
9/25/2024 0:00:00,18.8,16.1,22.4,26.5,175,19.3
9/26/2024 0:00:00,18.1,14.1,23.1,0,332,9.4
9/27/2024 0:00:00,17,12.8,21.9,0,53,13.4
9/28/2024 0:00:00,18.9,16.5,23.1,0,82,19.4
9/29/2024 0:00:00,19.2,16.8,23.6,0,65,12.6
9/30/2024 0:00:00,17.7,14.9,21.6,0,74,11.2
10/1/2024 0:00:00,18.2,14.4,22,16.3,137,12.3
10/2/2024 0:00:00,13.9,10.3,18.1,3.9,343,13.6
10/3/2024 0:00:00,14.6,8.7,22.9,0,251,12.1
10/4/2024 0:00:00,14.4,10.2,20.2,0.8,334,11.1
10/5/2024 0:00:00,12.3,7.6,17.7,0,306,10.8
10/6/2024 0:00:00,15.5,11.1,20.3,11.4,189,18
10/7/2024 0:00:00,11.5,6.9,15.3,0,295,16.1
10/8/2024 0:00:00,10.1,6.3,15.1,0.2,288,14.4
10/9/2024 0:00:00,8,4.7,12.5,0.4,297,18
10/10/2024 0:00:00,7.8,3.7,13.3,0,329,12.1
10/11/2024 0:00:00,12.1,2.5,20.6,0,248,16.5
10/12/2024 0:00:00,11.6,7.2,17.2,0,335,16
10/13/2024 0:00:00,9,5.1,12.6,0,63,16.3
10/14/2024 0:00:00,6.6,4,9.9,3.4,357,21.1
10/15/2024 0:00:00,5.6,1.6,9.8,0,325,17.5
10/16/2024 0:00:00,6.4,2.9,9.4,0,327,16.5
10/17/2024 0:00:00,6.7,1.1,14.1,0,276,9.5
10/18/2024 0:00:00,8.7,1.2,16.4,0,276,9.2
10/19/2024 0:00:00,10.4,3.5,18.4,0,243,10.4
10/20/2024 0:00:00,12.8,5.4,21.1,0,236,13.6
10/21/2024 0:00:00,17.5,13.3,24,0,261,14.3
10/22/2024 0:00:00,15.4,10.6,21.6,0,196,10.9
10/23/2024 0:00:00,15.2,9.6,21.3,0,249,20.6
10/24/2024 0:00:00,8.2,3.9,12.7,0,333,9
10/25/2024 0:00:00,8.4,3.2,13.2,0.3,141,11.4
10/26/2024 0:00:00,7.4,4,11.1,0,303,17.9
10/27/2024 0:00:00,6,0.5,11.6,0,283,11.8
10/28/2024 0:00:00,5.9,3.1,9.7,0,83,17.7
10/29/2024 0:00:00,10.8,5.4,15.7,10.2,147,15.4
10/30/2024 0:00:00,17.5,13.7,21.5,0,208,21.3
10/31/2024 0:00:00,18.8,15.7,22,2.1,224,24.2
11/1/2024 0:00:00,10.9,6.2,17.6,0,277,24.3
11/2/2024 0:00:00,5.4,1,9.2,0,330,9.7
11/3/2024 0:00:00,4.8,0.3,8.8,0,78,13.8
11/4/2024 0:00:00,12.1,8.6,16.6,0.8,156,19.9
11/5/2024 0:00:00,17.6,14,21.4,1.9,206,20.7
11/6/2024 0:00:00,17.1,11.5,19.6,2.9,268,17.4
11/7/2024 0:00:00,9.9,7,13.4,0,287,13.5
11/8/2024 0:00:00,8.7,3.6,12.7,0,296,20.9
11/9/2024 0:00:00,3.2,-1.2,7.7,0,8,7.9
11/10/2024 0:00:00,8.6,4.5,12.8,6.4,141,14.3
11/11/2024 0:00:00,9.6,5,12.8,1.2,264,24.2
11/12/2024 0:00:00,2.9,-0.2,5.7,0,350,16.7
11/13/2024 0:00:00,2,-1.7,5.2,0,84,16.5
11/14/2024 0:00:00,6.1,5,8,1.4,113,18.9
11/15/2024 0:00:00,6.5,5.2,8.5,0.5,25,10.5
11/16/2024 0:00:00,6.2,3.7,9.7,0,330,16.7
11/17/2024 0:00:00,5.5,0.4,9.2,0,180,10.5
11/18/2024 0:00:00,7.5,3.8,11.8,0,309,12.4
11/19/2024 0:00:00,6.2,3.6,8.3,0.8,88,17
11/20/2024 0:00:00,8,4.2,9.4,16.2,85,16
11/21/2024 0:00:00,3.2,0.6,5.6,2.5,256,9.4
11/22/2024 0:00:00,4.6,3,6.1,1.1,351,21.5
11/23/2024 0:00:00,4.6,1.6,7.2,0,306,15.8
11/24/2024 0:00:00,3.3,0.8,5.8,0,290,14.9
11/25/2024 0:00:00,1.7,-1.7,4.6,4.5,69,12
11/26/2024 0:00:00,4.4,1,6.9,4.5,257,19.3
11/27/2024 0:00:00,1,-0.7,4,0,251,14
11/28/2024 0:00:00,1.2,-0.3,4.8,1.4,321,11.3
11/29/2024 0:00:00,-0.9,-2.7,1,0,252,20.1
11/30/2024 0:00:00,-2,-2.9,-0.4,0,251,20.4
12/1/2024 0:00:00,-1.9,-3.6,0.9,0.5,262,16.1
12/2/2024 0:00:00,-2.4,-6.3,2.2,0,307,9.1
12/3/2024 0:00:00,-2.2,-4.6,0.8,0,296,11.6
12/4/2024 0:00:00,-1.1,-2.3,0.1,2.9,212,22.5
12/5/2024 0:00:00,-2.2,-5.8,0.2,3.2,302,22.7
12/6/2024 0:00:00,-5.2,-7.6,-2.9,0,263,15.8
12/7/2024 0:00:00,-1.9,-3.4,1.2,2.5,229,18.9
12/8/2024 0:00:00,1.9,-0.1,3.2,0,266,15.7
12/9/2024 0:00:00,2.3,0.3,3.4,2.2,112,14.4
12/10/2024 0:00:00,,,,,,
12/11/2024 0:00:00,,,,,,
12/12/2024 0:00:00,,,,,,
12/13/2024 0:00:00,,,,,,
12/14/2024 0:00:00,-5.6,-11.6,-1.2,0,72,12.3
12/15/2024 0:00:00,-0.3,-2.6,2.2,0.5,117,15.8
12/16/2024 0:00:00,4.2,2.2,7.6,14.6,145,16.6
12/17/2024 0:00:00,4,1.2,8.1,1.7,256,18
12/18/2024 0:00:00,0.7,-0.3,1.6,1.4,243,10.5
12/19/2024 0:00:00,-2.9,-4.4,-0.7,0,357,12.7
12/20/2024 0:00:00,-4.3,-6.3,-3.2,0.6,26,15.6
12/21/2024 0:00:00,-10.7,-14,-7,0,338,17.2
12/22/2024 0:00:00,-14.3,-18.2,-9.4,0,60,6.6
12/23/2024 0:00:00,-3.8,-10.2,0.1,7.2,174,14.3
12/24/2024 0:00:00,-1.3,-4.5,0.1,1.3,327,10
12/25/2024 0:00:00,-4.1,-6.1,-2.2,0,44,6.4
12/26/2024 0:00:00,-2.9,-6.6,-0.7,0,98,10.8
12/27/2024 0:00:00,0.2,-1.2,1.4,0.6,103,16.8
12/28/2024 0:00:00,4.3,1.4,8.6,0.9,169,14.5
12/29/2024 0:00:00,5,1,9.9,15.2,94,16.3
12/30/2024 0:00:00,4.1,2.4,9.4,1.8,242,25.3
12/31/2024 0:00:00,1.6,-2.2,3.1,3.6,58,13.3